Oddswar,Stoiximan,Confidence
Benfica Basket,SL Benfica,100.0
 Maccabi Raanana, Maccabi Raanana,100.0
ACBD Rio Claro,ACBD Rio Claro,100.0
ADA Blois Basket 41,Ada Blois Basket 41,100.0
AEK Athens,AEK Athens,100.0
ALBA Berlin,Alba Berlin,100.0
AO Kolossos Rodou,Kolossos Rhodes,100.0
AO Mykonos BC,AO Mykonou,100.0
APU Udine,AP Udine,100.0
AS Monaco,Monaco,100.0
ASK Karditsas BC,AS Karditsas,100.0
ASVEL Lyon-Villeurbanne,ASVEL Lyon-Villeurbanne,100.0
Academics Heidelberg,USC Heidelberg,100.0
Adelaide 36ers,Adelaide 36ers,100.0
Adelaide Lightning W,Adelaide Lightning (W),100.0
Aguada,Aguada,100.0
Aix Maurienne Savoie Basket,Aix Maurienne,100.0
Al Riyadi,Al Riyadi Beirut,100.0
Al Wahda,Al Wahda,100.0
Alkar Sinj,Alkar,100.0
Amartha Hangtuah,Amartha Hangtuah Jakarta,100.0
Anadolu Efes SK,Efes,100.0
Angeles CD Mexico,Angeles CD Mexico,100.0
Antibes Sharks,Antibes Sharks,100.0
Anwil Wloclawek,Anwil Wloclawek,100.0
Aquila Basket Trento,Aquila Basket Trento,100.0
Argentino Junin,Argentino Junin,100.0
Aris BC,Aris,100.0
Arka Gdynia,Arka Gdynia,100.0
Asc Denain Voltaire PH,Denain,100.0
Asociacion Hebraica y Macabi,Hebraica Macabi,100.0
Astros de Jalisco,Astros de Jalisco,100.0
Atletico Goes,Atletico Goes,100.0
BBC Monthey-Chablais,BBC Monthey,100.0
BBC Nord Dragonz,BBC Nord Dragonz,100.0
BBC Nyon,BBC Nyon,100.0
BC Astana,Astana,100.0
BC Beroe SZ,BC Beroe,100.0
BC Copenhagen,Copenhagen,100.0
BC Jonava,BC Jonava,100.0
BC Komarno,MBK Komarno,100.0
BC Levski,Levski,100.0
BC Lietkabelis Panevezys,Lietkabelis,100.0
BC Lulea,BC Lulea,100.0
BC Neptunas Klaipeda,Neptunas Klaipeda,100.0
BC Nevezis Kedainiai,Nevezis,100.0
BC Prievidza,HBK Prievidza,100.0
BC Rytas Vilnius,Rytas Vilnius,100.0
BC Siauliai,Siauliai,100.0
BC Slovan Bratislava,BK Inter Bratislava,100.0
BC Spartak Pleven,Spartak Pleven,100.0
BC Vienna,BC Vienna,100.0
BC Zalgiris Kaunas,Zalgiris Kaunas,100.0
BCMU Arges Pitesti,BCM U Pitesti,100.0
BK Amager,BK Amager,100.0
BK Decin,Decin,100.0
BK Dukes Klosterneuburg,Klosterneuburg Dukes,100.0
BK Iskra Svit,BK Iskra Svit,100.0
BK Olomoucko,BK Olomoucko,100.0
BK Opava,Opava,100.0
BK Pardubice,Pardubice,100.0
BK Vejen,KIF Vejen,100.0
BKM Lucenec,MBK Lucenec,100.0
BMS Herlev,BMS Herlev Wolfpack,100.0
Bahcesehir Koleji,Bahcesehir Koleji,100.0
Bakken Bears,Bakken Bears,100.0
Baloncesto Fuenlabrada,Fuenlabrada,100.0
Bamberg Baskets,Bamberg,100.0
Basket Cartagena,Cartagena,100.0
Basket Landes SASP Wome,Basket Landes (W),100.0
Basket Landes SASP Women,Basket Landes (W),100.0
Basket Lattes Montpellier,Basket Lattes Montpellier,100.0
Basketball Lowen Braunschweig,Basketball Lowen Braunschweig,100.0
Basketball Nymburk,Nymburk,100.0
Baskets Bonn,Bonn,100.0
Baskets Oldenburg,Oldenburg,100.0
Baskonia Vitoria-Gasteiz,Baskonia,100.0
Basquet Girona,Basquet Girona,100.0
Basquet Manresa,Manresa,100.0
Bauru Basket,Bauru,100.0
Bayern Munich,Bayern Munchen,100.0
Beijing Royal Fighters,Beijing Royal Fighters,100.0
Beliers de Kemper - UJA,Beliers de Kemper,100.0
Beliers de Kemper - UJAP,Beliers de Kemper,100.0
Bendigo Spirit W,Bendigo Spirit (W),100.0
Besiktas JK,Besiktas,100.0
Bigua,Bigua,100.0
Bilbao Basket,Bilbao,100.0
Bkk Radnicki Belgrade,Radnicki Belgrade,100.0
Bnei Herzliya,Bnei Herzliya,100.0
Boca Juniors,Boca Juniors,100.0
Boras Basket,Boraas Basket,100.0
Botafogo,Botafogo,100.0
Botev 2012 Vratsa,Botev 2012 Vratsa,100.0
Boulazac Basket Dordogne,Boulazac Dordogne Pro,100.0
Bourges Women,Bourges (W),100.0
Brasilia Basquete,Brasilia,100.0
Brisbane Bullets,Brisbane Bullets,100.0
Bristol Flyers,Bristol Flyers,100.0
Bursaspor,Bursaspor,100.0
Buyukcekmece,Buyukcekmece,100.0
CA Paulistano,Paulistano,100.0
CA Penarol,Penarol,100.0
CA Platense,Platense,100.0
CA San Lorenzo de Almagro,San Lorenzo de Almagro,100.0
CB Coruna,Basquet Coruna,100.0
CB Estudiantes,Estudiantes,100.0
CB Gran Canaria,Gran Canaria,100.0
CB Granada,Granada,100.0
CB Malaga,Malaga,100.0
CB Tizona,UBU Tizona,100.0
CB Zamora,Zamorano,100.0
CD Estela,Estela,100.0
CS Municipal Galati,CSM Galati,100.0
CSM CSU Oradea,CSM CSU Oradea,100.0
CSM Corona Brasov,CSM Corona Brasov,100.0
CSM Ploiesti,CSM Ploiesti,100.0
CSM Targu Jiu,CSM Targu Jiu,100.0
CSU Sibiu,BC CSU Sibiu,100.0
Caballeros de Culiacan,Caballeros de Culiacan,100.0
Caen Basket Calvados,Caen Basket Calvados,100.0
Cairns Taipans,Cairns Taipans,100.0
Caledonia Gladiators,Caledonia Gladiators,100.0
Canberra Capitals W,Canberra Capitals (W),100.0
Caxias do Sul,Caxias Do Sul,100.0
Cherno More IG,Cherno More,100.0
Cheshire Phoenix,Cheshire Phoenix,100.0
Cholet Basket,Cholet,100.0
Cibona,Cibona,100.0
Ciclista Olimpico de La Ba,Club Ciclista Olimpico,100.0
Ciclista Olimpico de La Ban,Ciclista Olimpico LDD,100.0
Ciclista Olimpico de La Banda,Club Ciclista Olimpico,100.0
Club Atletico Cordon,Club Atletico Cordon,100.0
Club Atletico Welcome,Club Atletico Welcome,100.0
Club Joventut Badalona,Joventut Badalona,100.0
Club Malvin,Malvin,100.0
Club Melilla Baloncesto,Club Melilla Baloncesto,100.0
Club de Regatas Vasco da Gama,Vasco da Gama,100.0
Clube Uniao Corinthians,EC Uniao Corinthians,100.0
Corinthians,Corinthians,100.0
Cruzeiro Basquete,Cruzeiro,100.0
Csm Targu Mures,CSM Targu Mures,100.0
Czarni Slupsk,Energa Czarni Slupsk,100.0
Dabrowa Gornicza,MKS Dabrowa Gornicza,100.0
Daegu Pegasus,Daegu Pegasus,100.0
Defensor Sporting,Defensor Sporting,100.0
Derthona Basket,Derthona Basket,100.0
Dinamo Sassari,Dinamo Sassari,100.0
Dubai Basketball,Dubai BC,100.0
EC Pinheiros,Pinheiros,100.0
Elan Chalon,Elan Chalon,100.0
Elitzur Netanya,Elitzur Maccabi Netanya,100.0
Esenler Erokspor Kulubu,Esenler Erokspor,100.0
Esporte Clube Corinthians,EC Uniao Corinthians,100.0
FC Barcelona,Barcelona,100.0
FC Bayern Munchen,Bayern Munchen,100.0
Falco Szombathely,Szombathely,100.0
Fenerbahce Istanbul,Fenerbahce,100.0
Fenerbahce SK,Fenerbahce,100.0
Ferro Carril Oeste,Ferro Carril Oeste,100.0
Flamengo Rio De Janeiro,Flamengo,100.0
Flyers Wels,Flyers Wels,100.0
Fortaleza Basquete Cearense,Basquete Cearense,100.0
Frayles de Guasave,Frayles de Guasave,100.0
Fribourg Olympic,Fribourg Olympic,100.0
Furstenfeld Panthers,Fürstenfeld Panthers,100.0
GKK Sibenka,GKK Sibenik,100.0
GTK Gliwice,GTK Gliwice,100.0
Galatasaray Cagdas Wome,Galatasaray (W),100.0
Galatasaray Cagdas Women,Galatasaray (W),100.0
Galatasaray SK,Galatasaray,100.0
Gargzdai Basketball,Gargzdai SC,100.0
Gimnasia de Comodoro,Gimnasia de Comodoro,100.0
Gladiators Trier,Gladiators Trier,100.0
Gornik Zamek Ksiaz Walbrzych,Gornik Walbrzych,100.0
Guangdong Southern Tigers,Tigers,100.0
Halcones de Ciudad Obregon,Halcones de Ciudad Obregon,100.0
Hamburg Towers,Hamburg Towers,100.0
Hapoel Beer Sheva,Hapoel Beer Sheva,100.0
Hapoel Galil Elyon,Hapoel Galil Elion,100.0
Hapoel Haemek,Hapoel Haemek,100.0
Hapoel Holon BC,Hapoel Holon,100.0
Hapoel Jerusalem,Hapoel Jerusalem,100.0
Hapoel Tel-Aviv,Hapoel Tel Aviv,100.0
Hermine Nantes Basket,Nantes,100.0
Hogsbo Basket,Hogsbo,100.0
Holbaek-Stenhus,Holbaek,100.0
Horsens IC,Horsens IC,100.0
Hyeres Toulon,Hyeres Toulon Var Basket,100.0
IA Central Cordoba,Instituto Atletico Central Cordoba,100.0
Independiente de Oliva,Independiente de Oliva,100.0
Iraklis Thessaloniki,Iraklis,100.0
Ironi Kiryat Ata,Kiryat Ata,100.0
Ironi Ness Ziona,Ironi Ness Ziona,100.0
JA Vichy-Clermont,Vichy-Clermont,100.0
Jamtland Basket,Jamtland Basket,100.0
Jilin Northeast Tigers,Jilin Northeast Tigers,100.0
Juvi Cremona 1952,Juvi Cremona,100.0
KCC Egis,KCC Egis,100.0
KD Ilirija,Ilirija,100.0
KK Borac Cacak,Borac Cacak,100.0
KK Bosna Royal Sarajevo,KK Bosna,100.0
KK Buducnost Voli,Buducnost,100.0
KK Cedevita Olimpija Ljubljana,Cedevita Olimpija,100.0
KK Crvena zvezda Belgrade,Crvena Zvezda,100.0
KK Dinamo Zagreb,KK Dinamo Zagreb,100.0
KK FMP Belgrade,FMP,100.0
KK Krka Novo Mesto,Krka,100.0
KK Kvarner,KK Kvarner 2010,100.0
KK Mladost Mrkonjic Grad,Mladost Mrkonjic Grad,100.0
KK Mladost Zemun,Mladost Zemun,100.0
KK Orlovik Nansi,KK Orlovik Nansi Zepce,100.0
KK Partizan Belgrade,Partizan,100.0
KK Radnicki Gorazde,KK Radnicki Gorazde,100.0
KK Rogaska,Rogaska,100.0
KK Samobor,KK Samobor,100.0
KK Sencur,Sencur,100.0
KK Sombor BC,KK Joker Sombor,100.0
KK Tamis,KK Tamiš,100.0
KK Vrsac,KK Vrsac,100.0
KK Zadar,Zadar,100.0
KT Sonicboom,KT Sonicboom,100.0
KTP Basket,KTP Basket Kotka,100.0
Kansai Helios Domzale,Helios Suns Domzale,100.0
Kapfenberg Bulls,Kapfenberg Bulls,100.0
Kauhajoki Karhu,Kauhajoen Karhu,100.0
Kk Cacak 94,KK Cacak 94,100.0
Kk Split,KK Split,100.0
Kobrat Lapua,Kobrat Lapua,100.0
Koping Stars,Koping Stars,100.0
Kosice Wolves,Kosice Wolves,100.0
Krka,Krka,100.0
LG Sakers,Changwon LG Sakers,100.0
La Union Formosa,La Union Formosa,100.0
Lahti Basketball,Lahti,100.0
Le Mans Sarthe Basket,Le Mans,100.0
Legia Warszawa,Legia Warszawa,100.0
Leicester Riders,Leicester Riders,100.0
Limoges CSP,Limoges,100.0
LoKoKo Bisons,Lokoko Bisons,100.0
Lokomotiv Plovdiv 1926,Lokomotiv Plovdiv,100.0
London Lions,BA London Lions,100.0
Lucentum Alicante,Alicante,100.0
MBK Handlova,MBK Handlova,100.0
Maccabi Ironi Ramat Gan,Maccabi Ironi Ramat Gan,100.0
Maccabi Raanana,Maccabi Raanana,100.0
Maccabi Rishon LeZion,Maccabi Rishon Le-Zion,100.0
Maccabi Tel Aviv BC,Maccabi Tel Aviv,100.0
Maccabi Tel-Aviv,Maccabi Tel Aviv,100.0
Manchester Basketball,Manchester Giants,100.0
Maroussi BC,Marousi,100.0
Melbourne United,Melbourne United,100.0
Menorca Basquet,Menorca,100.0
Mersin BSB,Mersin BSB,100.0
Miasto Szka Krosno,Mosir Krosno,100.0
Minas Tenis Clube,Minas,100.0
Mobis Phoebus,Ulsan Mobis Phoebus,100.0
Mogi das Cruzes,Mogi das Cruzes,100.0
Nacional,Atletico Nacional,100.0
Nanterre 92,Nanterre,100.0
Napoli Basket,Napoli,100.0
New Zealand Breakers,New Zealand Breakers,100.0
Newcastle Eagles,Newcastle Eagles,100.0
Niners Chemnitz,Niners Chemnitz,100.0
Ningbo Rockets,Ningbo Fubon Rockets,100.0
Nitra Blue Wings,Nitra Blue Wings,100.0
Norrkoeping Dolphins,Norrkoping Dolphins,100.0
Obera Tenis Club,Obera Tenis Club,100.0
Oberwart Gunners,Oberwart Gunners,100.0
Obradoiro CAB,Obradoiro,100.0
Obras Sanitarias,Club Atletico Obras Sanitarias,100.0
Olimpia Milano,Olimpia Milano,100.0
Olympiacos BC,Olympiacos,100.0
Osasco Basket,Osasco,100.0
Ostioneros de Guaymas,Ostioneros de Guaymas,100.0
Ostrow Wielkopolski,Stal Ostrow,100.0
Ovarense Basquetebol,Ovarense,100.0
Oviedo BC,Oviedo,100.0
PAOK BC,PAOK,100.0
Palencia Baloncesto,Palencia,100.0
Pallacanestro Brescia,Brescia,100.0
Pallacanestro Trieste,Trieste,100.0
Palmer Basquet Mallorca Palma,Palmer Basket Mallorca,100.0
Panathinaikos BC,Panathinaikos,100.0
Panionios BC,Panionios,100.0
Paris Basketball,Paris Basketball,100.0
Pato,Pato,100.0
Penarol Mar Del Plata,Union de Mar del Plata,100.0
Peristeri BC,Peristeri,100.0
Perth Lynx W,Perth Lynx (W),100.0
Perth Wildcats,Perth Wildcats,100.0
Petkim Spor,Petkim Spor,100.0
Pinar Karsiyaka,Karsiyaka,100.0
Pioneros de Los Mochis,Pioneros de Los Mochis,100.0
Poitiers Basket 86,Poitiers,100.0
Promitheas Patras BC,Promitheas,100.0
Racing de Chivilcoy,Racing Chivilcoy LDD,100.0
Randers Cimbria,Randers Cimbria,100.0
Rasta Vechta,Rasta Vechta,100.0
Rayos de Hermosillo,Rayos de Hermosillo,100.0
Real Madrid,Real Madrid,100.0
Regatas Corrientes,Regatas Corrientes,100.0
Reyer Venezia,Reyer Venezia,100.0
Riesen Ludwigsburg,Ludwigsburg,100.0
Rilski Sportist,Rilski Sportist Samokov,100.0
Rostock Seawolves,Rostock Seawolves,100.0
Rouen Metropole Basket,Rouen,100.0
Rytas Vilnius,Rytas Vilnius,100.0
SAM Basket Massagno,SAM Basket Massagno,100.0
SAN-EN NeoPhoenix,San En Neo Phoenix,100.0
SCM Universitatea Craiova,CSM Universitatea Craiova,100.0
SE Melbourne Phoenix,South East Melbourne Phoenix,100.0
SIG Strasbourg,Strasbourg,100.0
SK Slavia Praha,SK Slavia Prague,100.0
SKN St. Polten Basketball,SKN St. Polten,100.0
SLUNETA Usti nad Labem,Sluneta Usti nad Labem,100.0
Saint Quentin,Saint-Quentin,100.0
Samsung Thunders,Seoul Thunders,100.0
San Martin Corrientes,San Martin Corrientes,100.0
San Miguel Beermen,San Miguel Beermen,100.0
San Sebastian Gipuzkoa BC,Gipuzkoa,100.0
Sao Jose Basketball,Sao Jose,100.0
Satria Muda Pertamina Jakarta,Satria Muda Britama,100.0
Scafati Basket,Scafati,100.0
Seoul SK Knights,Seoul SK Knights,100.0
Sesi SP/Franca BC,Sesi SP/Franca,100.0
Shahrdari Gorgan,Shahrdari Gorgan,100.0
Shandong Kirin,Shandong Kirin,100.0
Sheffield Sharks,Sheffield Sharks,100.0
Shumen,Shumen,100.0
Slask Wroclaw,Slask Wroclaw,100.0
Sloga Uppsala,Sloga Uppsala,100.0
Soedertaelje BBK,Sodertalje Kings,100.0
Sokol Pisek Srsni,Sokol Pisek,100.0
Southside Flyers W,Southside Flyers (W),100.0
Spartak Subotica,Spartak Subotica,100.0
Spisski Rytieri,Spisskí Rytieri,100.0
Sporting CP,Sporting CP,100.0
Stade Rochelais Basket,Stade Rochelais Rupella,100.0
Start Lublin,Start Lublin,100.0
Steaua CSM Bucuresti,CSA Steaua Bucuresti,100.0
Surrey 89ers,Surrey Scorchers,100.0
Svendborg Rabbits,Svendborg Rabbits,100.0
Swans Gmunden,Swans Gmunden,100.0
Sydney Flames W,Sydney Uni Flames (W),100.0
Sydney Kings,Sydney Kings,100.0
Tampereen Pyrinto,Tampereen Pyrinto Academy,100.0
Tapiolan Honka,Tapiolan Honka,100.0
Tasmania JackJumpers,Tasmania Jackjumpers,100.0
Tianjin Pioneers,Tianjin Pioneers,100.0
Tofas SK,Tofas,100.0
Townsville Fire W,Townsville Fire (W),100.0
Trabzonspor BK,Trabzonspor MP,100.0
Traiskirchen Lions,Traiskirchen Lions,100.0
Trefl Sopot,Trefl Sopot,100.0
Tropang Giga,TNT Tropang Giga,100.0
Turk Telekom,Turk Telekom,100.0
Turk Telekom BK,Turk Telekom,100.0
UBSC Graz,UBSC Graz,100.0
UCAM Murcia,Murcia,100.0
UEB Gesteco Cividale,UEB Cividale,100.0
Ulm Basketball,Ulm,100.0
Umea BSKT,Umeå,100.0
Unifacisa,Unifacisa,100.0
Union Atletica,Union Atletica,100.0
Union Neuchatel Basket,Union Neuchatel Basket,100.0
Union de Santa Fe,Union De Santa Fe,100.0
Universo Treviso Basket,Universo Treviso,100.0
Uppsala Basket,Uppsala Basket,100.0
Urunday Universitario,Urunday Universitario,100.0
Valencia Basket,Valencia,100.0
Vanoli Cremona,Cremona,100.0
Venados de Mazatlan,Venados de Mazatlan,100.0
Vendee Challans Basket,Vendee Challans Basket,100.0
Victoria Libertas Pesaro,Victoria Libertas Pesaro,100.0
Vikos Falcon BC,Vikos BC,100.0
Virtus Bologna,Virtus Bologna,100.0
WKS Slask Wroclaw,Slask Wroclaw,100.0
Wonju DB Promy,Wonju Dongbu Promy,100.0
Wurzburg Baskets,Wurzburg,100.0
Yokohama B-Corsairs,Yokohama B Corsairs,100.0
Zaragoza,Zaragoza U22,100.0
Zastal BC Zielona Gora,Zielona Gora,100.0
Zhejiang Lions,Zhejiang Guangsha Lions,100.0
Zonkeys de Tijuana,Zonkeys de Tijuana,100.0
Zadar,,
Guangzhou Loong Lions,,
Reyer Venezia Women,,
Toros Laguna,,
CA San Lorenzo de Almag,,
Alliance Sport Alsace,,
KK Omis,,
Geelong United W,,
Shanghai Sharks,,
Illawarra Hawks,,
Qingdao Eagles,,
Zhejiang Golden Bulls,,
JL Bourg Basket,,
Jiangsu Dragons,,
KK Bosna,,
Nassjo Basket,,
Vrlse BBK,,
Bears Academy,,
Flammes Carolo Basket Ardenne,,
Champagne Basketball,,
Pallacanestro Reggiana,,
Basket Schio Women,,
Xinjiang Flying Tigers,,
Wilki Morskie Szczecin,,
FC Universitatea Cluj,,
Ulm Baskets,,
Fenerbahce Women,,
Asa Koroivos,,
AD Atenas Cordoba,,
Akademik Bulteks 99,,
Anadolu Efes,,
Anyang Jungkwanjang Red Booste,,
BC Aris Thessaloniki,,
BC Olympiakos Piraeus,,
BK Patrioti Levice,,
BV Chemnitz 99,,
Baloncesto Malaga,,
Beijing Ducks,,
Bkm Lucenec,,
Busan Sum Women,,
CB 1939 Canarias,,
CB Bahia San Agustin,,
CB Canarias,,
CS Dinamo Bucuresti,,
CS Rapid Bucuresti,,
CS Valcea 1924 Rm Valcea,,
CSO Voluntari,,
Cheongju KB Stars Women,,
Ciclista Olimpico de La B,,
Club Ourense Baloncesto,,
Club Ourense Baloncesto Sad,,
Elan Bearnais Pau-Lacq-Ort,,
Esporte Clube Uniao Corinthia,,
Fujian Sturgeons,,
Goyang Skygunners,,
Hana Bank Women,,
KK Cedevita Junior,,
KK Split,,
Liaoning Flying Leopards,,
MBC,,
Nanjing Monkey Kings,,
Pallacanestro Trieste 2004,,
Panionios BC Athens,,
Quimsa Santiogo Del Est,,
Quimsa Santiogo Del Estero,,
Roanne Chorale,,
S'Birds Women,,
SCM Timisoara,,
Shanxi Loongs,,
Shenzhen Leopards,,
Sichuan Blue Whales,,
Spar Girona Women,,
Starwings Basket Regio B,,
Uniao Corinthians,,
Woori WON Women,,
Yongin Blueminx Women,,
ZVVZ USK Praha Women,,
Zaragoza Women,,